StatementID,Statement
1,Statement 1
2,Statement 2
3,Statement 3
4,Statement 4
5,Statement 5
6,Statement 6
7,Statement 7
8,Statement 8
9,Statement 9
10,Statement 10
11,Statement 11
12,Statement 12
13,Statement 13
14,Statement 14
15,Statement 15
16,Statement 16
17,Statement 17
18,Statement 18
19,Statement 19
20,Statement 20
21,Statement 21
22,Statement 22
23,Statement 23
24,Statement 24
25,Statement 25
26,Statement 26
27,Statement 27
28,Statement 28
29,Statement 29
30,Statement 30
31,Statement 31
32,Statement 32
33,Statement 33
34,Statement 34
35,Statement 35
36,Statement 36
37,Statement 37
38,Statement 38
39,Statement 39
40,Statement 40
41,Statement 41
42,Statement 42
43,Statement 43
44,Statement 44
45,Statement 45
46,Statement 46
47,Statement 47
48,Statement 48
49,Statement 49
50,Statement 50
51,Statement 51
52,Statement 52
53,Statement 53
54,Statement 54
55,Statement 55
56,Statement 56
57,Statement 57
58,Statement 58
59,Statement 59
60,Statement 60
61,Statement 61
62,Statement 62
63,Statement 63
64,Statement 64
65,Statement 65
66,Statement 66
67,Statement 67
68,Statement 68
69,Statement 69
70,Statement 70
71,Statement 71
72,Statement 72
73,Statement 73
74,Statement 74
75,Statement 75
76,Statement 76
77,Statement 77
78,Statement 78
79,Statement 79
80,Statement 80
81,Statement 81
82,Statement 82
83,Statement 83
84,Statement 84
85,Statement 85
86,Statement 86
87,Statement 87
88,Statement 88
89,Statement 89
90,Statement 90
91,Statement 91
92,Statement 92
93,Statement 93
94,Statement 94
95,Statement 95
96,Statement 96
97,Statement 97
98,Statement 98
99,Statement 99
100,Statement 100
